conversion,channel_name,price,category,product_name,user_id
1,Instagram,57901,Air Conditioner,"Voltas 1.4 Ton 3 Star Inverter Split ACCopper, Adjustable Cooling, Anti-dust Filter, 2023 Model, 173V Vectra Platina, White)",CONSUM001
0,Facebook,345,Kitchen,Gola International Gas Lighter for Kitchen Stove Electric Lighter + LED Torch Gas Stove Lighter for Kitchen Dolphin Shape,CONSUM011
1,Facebook,6343,Kitchen,NISUN Easy Grip Stainless Steel Regular Gas Lighter for Kitchen Stove (Pack of 1),CONSUM011
0,Facebook,567,Home Decor,"Small Cieling Fan, 6.5 Inch Ultra-quiet, 90° Adjustment for Better Cooling, 3 Speeds Portable Mini Powerful Desktop ",CONSUM002
0,Facebook,88665,Electronics,"DR VAKU® 2 IN 1 PD QC 20W Dual Port Fast Charger Type C Adapter for iPhone 14, iPhone 13, iPhone 12 Series, Samsung Galaxy",CONSUM013
0,Youtube,5454,Electronics,ZEBRONICS Zeb-Bang Wireless Bluetooth Over The Ear Headphone with Mic and and Playback time 16 hrs (Blue),CONSUM008
0,Youtube,5454,Cosmetics,"Innisfree Green Tea Foam Cleanser | Face wash for Men & Women | For Dull & Dry Skin, 150 ml",CONSUM011
0,Youtube,4843,Kitchen,"Embassy Stainless Steel Mini Idli Plate, 2-Pieces, 18 Idlis/Plate",CONSUM008
1,LinkedIn,344,Cosmetics,"Carolina Herrera Good Girl Eau De Parfum, 50Ml",CONSUM001
0,Youtube,5948,Car Accessories,Cave Maruti Suzuki Male-Female Stereo Coupler Harness For All Suzuki Cars.,CONSUM003
0,LinkedIn,4545,Sports,"Amazon Brand - Symactive Badminton Kit with 2 Racquets for Intermediate Players and Nylon Shuttles, S333",CONSUM002
1,Youtube,473,Electronics,Arsalan Arslan Decorative Mirror Wall Mounted Hanging Mirror Sculpture Metal Leaf Design Modern Art Mirror Home Decor (60 ,CONSUM008
0,Youtube,7480,Air Conditioner,Lloyd 2.0 Ton 3 Star Inverter Split Ac (5 In 1 Convertible Copper Anti-Viral + Pm 2.5 Filter 2023 Model White With Sil,CONSUM011
1,Youtube,4565,Sports,"FEROC Fighter Aluminum Badminton Racquet Set of 2 with- 3 Pieces Feather SHUTTLES Badminton kit, Red",CONSUM013
0,Youtube,8583,Cosmetics,Global Desi Rhythmic Soul Pack of 2 Body Mist 200ML each Long Lasting Scent Spray Gift For Women Perfume Crafted by Ajmal,CONSUM003
0,Youtube,5938,kitchen,"Tupperware Aquasafe Plastic Bottle, 500ML, Set of 4, Green, Red, Orange Purple",CONSUM011
0,Instagram,454,Home Decor,"Perpetual Radha Krishna Wall Painting For Living Room - Set Of 5, 3d Scenery Wall Painting for Bedroom Large Size with Fra",CONSUM001
1,Instagram,8483,Home Decor,"Decals Design 'Romantic Rose Flowers' Wall Sticker (PVC Vinyl, 50 cm x 70 cm, Multicolour)",CONSUM002
0,Facebook,8473,Car Accessories,JXL -T110 High Efficiency Dome Car Tweeter for Coaxial Car Speaker 360W MAX (Pair) Black,CONSUM012
0,Facebook,6666,Cosmetics,Innisfree Lip Sleeping Mask with Canola Oil,CONSUM003
0,Instagram,4837,Cosmetics,Just Herbs Nosun Jojoba-Wheatgerm Moisturizing Sun Protection Gel with SPF 35+ PA++++ for Oily & Combination Skin,CONSUM001
1,Facebook,4938,Car Accessories,ShopMagics Car Charger for OPPO Reno7 Pro / Reno 7 Pro Car Charger Dual USB Port | High Speed Rapid Fast ,CONSUM002
1,Youtube,4545,Cosmetics,"The Body Shop Vegan Body Yogurt Strawberry, 200 Ml",CONSUM008
1,Facebook,4837,Fashion,Storite 2 Pack Nylon 85 L Moisture Proof Multi-Purpose Storage Bag/Clothing Storage Organiser/Toy Storage/Stationery Paper,CONSUM001
0,Youtube,8473,Home Decor,Daikin 1.5 Ton 5 Star Inverter Split AC (Copper PM 2.5 Filter 2022 Model MTKM50U White),CONSUM008
0,Youtube,4837,Cosmetics,"Just Herbs Ayurvedic Liquid Lipstick Kit Set of 5 with Long Lasting, Hydrating & Lightweight Lip Colour, Full Size - Parab",CONSUM003
1,Youtube,7878,Fashion,Supernova Inc. Men's Slim Fit Solid Jeans Stretchable,CONSUM006
1,Youtube,4737,Home Decor,LG 0.8 Ton 3 Star AI DUAL Inverter Split AC (Copper Super Convertible 6-in-1 Cooling HD Filter with Anti Virus protectio,CONSUM003
0,Youtube,333,Home Decor,Plastic 20-20 Cricket kit for Kids Cricket Set of 3-6 Year Boys Bat & Ball Set Playing Outdoor and Indoor Sports Game Toy ,CONSUM010
0,Facebook,4737,Cosmetics,The Body Shop Japanese Matcha Tea Pollution Clearing Mask - Pack Of 1,CONSUM002
0,Youtube,4545,Home Decor,GRS India Best Heavy Plastic Cricket Stumps Set - 4 Stumps + 2 Bails + 2 Stand (Yellow)(Plastic Wicket Set),CONSUM006
1,LinkedIn,5839,Sports,"APACS Z-Ziggler 72 (30 LBS, 72g) Unstrung Badminton Racket with Full Cover (Black Red)",CONSUM003
0,Youtube,9498,Fashion,Bee Brezo Men's Cotton High Neck Sweatshirt,CONSUM009
0,Youtube,4392,Car Accessories,A2D Shark Fin Shape Decorative Roof Car Antenna Black For Tata Indigo Ecs,CONSUM002
0,LinkedIn,594,Electronics,LivingBasics Heavy Duty Rust Cloth Peg / Clothes Clip / Quilt Drying Pins / Pegs for Hanger / Rods / Ropes / Towel Dryer C,CONSUM012
1,Youtube,8272,Kitchen,"Milton Thermosteel Duo DLX 1800 Stainless Steel Water Bottle, 1.8 Liters, Silver",CONSUM005
0,Youtube,783,Fashion,Levi's Men's Slim Jeans (18298-1065_Dark Indigo_32),CONSUM006
0,Youtube,9494,Fashion,Zerfa 5 in 1 Soft Brush Multi-Function Cleaning Tools Kit for Keyboard & Earphone Cleaner Soft High-Density Brush Set with,CONSUM010
0,Facebook,4938,Fashion,Safana Women's Blouson Regular Sweatshirt,CONSUM010
0,Youtube,3928,Air Conditioner,Panasonic 1 Ton 3 Star Inverter Split Air Conditioner (Copper PM 2.5 Air Purification 2022 Model CS/CU-RU12XKYA White),CONSUM006
1,LinkedIn,4030,Kitchen,Signoraware 500ml Modular Storage Container with Lid | Food Grade Bpa-Free Plastic Jar Boxes | Freezer Microwave Safe Lea,CONSUM005
1,Youtube,832,Car Accessories,Portable Air ConditionerOffice Air Conditioner in Three SpeedsPortable Evaporative Cooling Fan with Spray for Home Bedro,CONSUM010
0,Youtube,2739,Electronics,Cheryl's Cosmeceuticals O2C2 Radiance Lotion - Face Cream - For All Skin Type,CONSUM002
1,Youtube,4545,Electronics,"Story@Home Room Darkening Thermal Insulated Eyelet Noise Reducing Blackout 2 Piece Faux Silk Ring top Door Curtain, 7 fee",CONSUM006
0,Youtube,7436,Car Accessories,Panasonic 1.5 Ton 5 Star Wi-Fi Inverter Smart Split AC (Copper 7 in 1 Convertible with additional AI Mode 4 Way Swing n,CONSUM006
1,LinkedIn,9304,Sports,AMZ SPORTS NETS Badminton Practice Net (Blue),CONSUM010
0,Youtube,4862,Fashion,Fareto Baby Mattress with Mosquito Net(0-6 Months) (Peach),CONSUM003
1,LinkedIn,899,Car Accessories,Generic Car Number Plate Frame | Orbiz Car Number Plate Adjustable Frame,CONSUM005
0,Youtube,5455,Car Accessories,Auto Pearl Shark Fin Signal Receiver Antenna Compatiable with-Celerio,CONSUM005
1,Facebook,48200,Air Conditioner,"Daikin 1 Ton 3 Star Inverter Split AC Copper, PM 2.5 Filter, Triple Display, Dew Clean Technology, Coanda Airflow, 2023 M",CONSUM006
0,Tiktok,67200,Air Conditioner,"Daikin 1.5 Ton 5 Star Inverter Split AC Copper, PM 2.5 Filter, 2022 Model, MTKM50U, White)",CONSUM007
0,Tiktok,63400,Air Conditioner,"Panasonic 1.5 Ton 5 Star Wi-Fi Inverter Smart Split AC Copper Condenser, 7 in 1 Convertible with additional AI Mode, 4 Wa",CONSUM008
0,Instagram,78490,Air Conditioner,"Carrier 1.5 Ton 5 Star AI Flexicool Inverter Split AC Copper, Convertible 6-in-1 Cooling,Dual Filtration with HD & PM 2.5",CONSUM009
1,Youtube,62000,Air Conditioner,"Whirlpool 1.5 Ton 3 Star, Flexicool Inverter Split AC Copper, Convertible 4-in-1 Cooling Mode, HD Filter 2023 Model, S3K1",CONSUM010
0,Tiktok,60990,Air Conditioner,"Samsung 1.5 Ton 3 Star Inverter Split AC Copper, Convertible 5-in-1 Cooling Mode, Easy Filter Plus Anti-Bacteria), 2023 ",CONSUM011
0,Instagram,57990,Air Conditioner,"Lloyd 1.0 Ton 5 Star Inverter Split Ac 5 In 1 Convertible, Copper, Anti-Viral + Pm 2.5 Filter, 2023 Model, White With Chr",CONSUM012
0,Facebook,54900,Air Conditioner,"Godrej 1.5 Ton 5 Star 5-In-1 Convertible, Inverter Split AC 100% Copper, Heavy Duty Cooling at 52°C, 2023 Model,AC 1.5T E",CONSUM013
1,Facebook,42900,Air Conditioner,"Godrej 1 Ton 3 Star Inverter Split Ac Model 2023 100% Copper,5-In-1 Convertible, Ac 1T Ei 12Tinv3R32-Gwa Split, White)",CONSUM014
0,Instagram,58400,Air Conditioner,"Daikin 1.5 Ton 3 Star Inverter Split AC Copper, PM 2.5 Filter, Triple Display, Dew Clean Technology, Coanda Airflow, MTKL",CONSUM015
0,Youtube,62250,Air Conditioner,"Blue Star 1.5 Ton 3 Star Convertible 4 in 1 Cooling Inverter Split AC Copper, Multi Sensors, Stabalizer Free Operation, D",CONSUM016
0,Instagram,62990,Air Conditioner,"LG 1.5 Ton 2 Star DUAL Inverter Split AC Copper, Convertible 4-in-1 Cooling, HD Filter with Anti-virus Protection, 2023 M",CONSUM017
1,Tiktok,71990,Air Conditioner,"LG 1.5 Ton 4 Star AI DUAL Inverter Split AC Copper, Super Convertible 6-in-1 Cooling, HD Filter with Anti-Virus Protectio",CONSUM018
0,Instagram,54600,Air Conditioner,"Panasonic 1 Ton 5 Star Wi-Fi Inverter Smart Split AC Copper Condenser, 7 in 1 Convertible with additional AI Mode, 4 Way ",CONSUM019
1,Facebook,47990,Air Conditioner,"Lloyd 1.5 Ton 3 Star Fixed Speed Window Ac Copper, 2023 Model, White With Silver Deco Strip, Glw18C3Ywsew)",CONSUM020
0,Instagram,72990,Air Conditioner,"Samsung 1.5 Ton 5 Star Inverter Split AC Copper, Convertible 5-in-1 Cooling Mode, Anti-Bacteria, 2023 Model AR18CYNZABE W",CONSUM021
1,Tiktok,49990,Air Conditioner,"Voltas 1.5 Ton 5 Star, Inverter Window AC Copper, 2-in-1 Adjustable Mode, 2023 Model, 185V Vertis Elite, White)",CONSUM022
1,Tiktok,50990,Air Conditioner,"Samsung 1 Ton 3 Star Inverter Split Ac Copper, Convertible 5-In-1 Cooling Mode, Easy Filter Plus Anti-Bacteria), 2023 Mo",CONSUM023
1,Instagram,75990,Air Conditioner,"LG 1.0 Ton 5 Star DUAL Inverter Wi-Fi Window AC Copper, Convertible 4-in-1 cooling, PW-Q12WUZA, 2022 Model, HD Filter, Wh",CONSUM024
0,Tiktok,46900,Air Conditioner,"Godrej 1.5 Ton 3 Star 5-In-1 Convertible, Inverter Split AC 100% Copper,I-Sense, 2023 Model, AC 1.5T EI 18TINV3R32-GWA/AC",CONSUM025
0,Youtube,79990,Air Conditioner,"Voltas 2 Ton 3 Star, Inverter Split ACCopper, 4-in-1 Adjustable Mode, Anti-dust Filter, 2023 Model, 243V Vectra Elite, Wh",CONSUM026
0,Youtube,62990,Air Conditioner,"Samsung 1.5 Ton 3 Star Wi-fi Enabled, Wind-Free Technology Inverter Split AC Copper, Convertible 5-in-1 Cooling Mode, Ant",CONSUM027
1,Tiktok,57700,Air Conditioner,"Whirlpool 1.0 Ton 3 Star, Flexicool Inverter Split AC Copper, Convertible 4-in-1 Cooling Mode, HD Filter 2023 Model, S3K1",CONSUM028
0,Instagram,70600,Air Conditioner,"Whirlpool 1.5 Ton 5 Star, Flexicool Inverter Split AC Copper, Convertible 4-in-1 Cooling Mode, HD Filter 2023 Model, S3I3",CONSUM029
0,Instagram,54990,Air Conditioner,"Voltas 0.8 Ton 3 Star, Inverter Split ACCopper, 4-in-1 Adjustable Mode, Anti-dust Filter, 2023 Model, 103V Vectra Elite, ",CONSUM030
0,Facebook,57990,Air Conditioner,"LG 0.8 Ton 3 Star AI DUAL Inverter Split AC Copper, Super Convertible 6-in-1 Cooling, HD Filter with Anti Virus protectio",CONSUM031
1,Facebook,55500,Air Conditioner,"Daikin 1 Ton 5 Star Inverter Split AC Copper, PM 2.5 Filter, 2022 Model, MTKM35U, White)",CONSUM032
0,Tiktok,39000,Air Conditioner,"Blue Star 1 Ton Fixed Speed Portable AC Copper, Anti Bacterial Silver Coating, Self Diagnosis, Comfort Sleep Modes-Auto/C",CONSUM033
1,Tiktok,33000,Air Conditioner,"Blue Star 1 Ton 3 Star Fixed Speed Window AC Copper, Turbo Cool, Humidity Control, Fan Modes-Auto/High/Medium/Low, Hydrop",CONSUM034
1,Instagram,55400,Air Conditioner,"Panasonic 1.5 Ton 3 Star Wi-Fi Inverter Smart Split AC Copper Condenser, 7 in 1 Convertible with additional AI Mode, PM ",CONSUM035
0,Tiktok,53990,Air Conditioner,"Samsung 1 Ton 3 Star Wi-fi Enabled, Wind-Free Technology Inverter Split AC Copper, Convertible 5-in-1 Cooling Mode, Anti-",CONSUM036
1,Facebook,55600,Air Conditioner,"Daikin 1.5 Ton 3 Star Fixed Speed Split AC Copper, PM 2.5 Filter, 2022 Model, FTL50U, White)",CONSUM037
0,Youtube,45090,Air Conditioner,"Carrier 1.5 Ton 3 Star Fixed Speed Window AC Copper,High Density Filter for Dust Filtration, 2Way Air Directional Contro",CONSUM038
0,Facebook,47790,Air Conditioner,"IFB 1.5 Ton 3 Star Heavy Duty Inverter Split AC Copper, Convertible Flexi 8-in-1 Cooling, PM 0.3 Filter, 2022 Model, CI18",CONSUM039
0,Facebook,41500,Air Conditioner,"Blue Star 0.8 Ton 3 Star Inverter Split Ac Copper, Turbo Cool, Gold Fins, Comfort Sleep, Self Clean Technology, Multi Sen",CONSUM040
0,Youtube,91690,Air Conditioner,"Carrier 2 Ton 5 Star AI Flexicool Inverter Split AC Copper, Convertible 6-in-1 Cooling,Dual Filtration with HD & PM 2.5 F",CONSUM041
0,Youtube,51500,Air Conditioner,"Blue Star 1 Ton 3 Star Convertible 4 in 1 Cooling Inverter Split AC Copper, Multi Sensors, Stabalizer Free Operation, Dus",CONSUM042
1,Tiktok,52900,Air Conditioner,"Cruise 1.5 Ton 3 Star Inverter Split AC with 7-Stage Air Filtration 100% Copper, Convertible 4-in-1, PM 2.5 Filter, 2022 ",CONSUM043
1,Youtube,56990,Air Conditioner,"AmazonBasics 1.5 Ton 5 Star Inverter Split AC White, Air Purifier, Copper)",CONSUM044
1,Tiktok,56990,Air Conditioner,"Voltas 1 Ton 3 Star, Inverter Split ACCopper, 4-in-1 Adjustable Mode, Anti-dust Filter, 2023 Model, 123V Vectra Elegant, ",CONSUM045
0,Facebook,57990,Air Conditioner,"Samsung 1 Ton 5 Star Inverter Split AC Copper, Convertible 5-in-1 Cooling Mode, Anti-bacterial Filter, 2023 Model AR12CY5",CONSUM046
1,Instagram,80890,Air Conditioner,"Carrier 2 Ton 3 Star AI Flexicool Inverter Split AC Copper, Convertible 4-in-1 Cooling,Dual Filtration with HD & PM 2.5 F",CONSUM047
0,Instagram,54990,Air Conditioner,"Lloyd 1.5 Ton 5 Star Fixed Speed Window Ac Copper, 2023 Model, White With Silver Deco Strip, Glw18C5Xwgmr)",CONSUM048
0,Tiktok,43990,Air Conditioner,"Lloyd 1.0 Ton 3 Star Fixed Speed Window AC Copper, 2023 Model, White with Silver Deco Strip, GLW12C3XWSEW)",CONSUM049
1,Youtube,48100,Air Conditioner,Panasonic 1 Ton 3 Star Wi-Fi Inverter Split Air Conditioner White),CONSUM050
0,Instagram,64200,Air Conditioner,"Whirlpool 1.0 Ton 5 Star, Flexicool Inverter Split AC Copper, Convertible 4-in-1 Cooling Mode, HD Filter 2023 Model, S3I1",CONSUM051
0,Instagram,61990,Air Conditioner,"Samsung 1.5 Ton 3 Star Wind-Free Technology Inverter Split AC Copper, Convertible 5-in-1 Cooling Mode, Anti-bacterial Fil",CONSUM052
1,Youtube,64000,Air Conditioner,"Haier 1.5 Ton 3 Star Frost Self Clean Inverter Split AC100% Grooved copper, Super Anti-corrosion, 2023 Model, HSU17V-TMS3",CONSUM053
0,Instagram,71900,Air Conditioner,Hitachi Split Ac - 1.5 Ton Kiyora 5200Fx I Fresh Inverter - R32 - RSRG518FFEO Gold),CONSUM054
0,Facebook,85990,Air Conditioner,"Lloyd 2.0 Ton 5 Star Inverter Split Ac 5 In 1 Convertible, Copper, Anti-Viral + Pm 2.5 Filter, 2023 Model, White With Gol",CONSUM055
1,Instagram,73990,Air Conditioner,"Samsung 1.5 Ton 5 Star Wind-Free Technology Inverter Split AC Copper, Convertible 5-in-1 Cooling Mode, Anti-bacterial Fil",CONSUM056
1,Instagram,59400,Air Conditioner,"Panasonic 1.5 Ton 4 Star Wi-Fi Inverter Smart Split AC Copper Condenser, 7 in 1 Convertible with additional AI Mode, 4 Wa",CONSUM057
0,Facebook,39500,Air Conditioner,"Blue Star 1.5 Ton 3 Star Fixed Speed Window AC Copper, Turbo Cool, Humidity Control, Fan Modes-Auto/High/Medium/Low, Hydr",CONSUM058
0,Youtube,44500,Air Conditioner,"Blue Star 1.5 Ton 5 Star Fixed Speed Window AC Copper, Turbo Cool, Humidity Control, Fan Modes-Auto/High/Medium/Low, Hydr",CONSUM059
0,Instagram,47100,Air Conditioner,"Panasonic 1 Ton 3 Star Inverter Split Air Conditioner Copper, PM 2.5 Air Purification, 2022 Model, CS/CU-RU12XKYA, White)",CONSUM060
1,Youtube,49089,Air Conditioner,"Amazon Basics 1 Ton, 5 Star, Wi-Fi Enabled SmartAlexa/Google Assistant), Single Rotary Inverter Split AC Copper Condense",CONSUM061
1,Instagram,42190,Air Conditioner,"IFB 1 Ton 3 Star Twin Inverter Split Fastcool Silver Series AC Copper, PM 0.3 Filter, IACI12SA3G3C, 2021 Model, Ivory Matte)",CONSUM062
0,Tiktok,75990,Air Conditioner,"Samsung 1.5 Ton 5 Star Wi-fi Enabled, Wind-Free Technology Inverter Split AC Copper, Convertible 5-in-1 Cooling Mode, Ant",CONSUM063
0,Youtube,69990,Air Conditioner,"LG 1.5 Ton 3 Star DUAL Inverter Window AC Copper, Convertible 4-in-1 cooling, HD Filter, 2022 Model, PW-Q18WUXA, White)",CONSUM064
1,Tiktok,77990,Air Conditioner,"Lloyd 2.0 Ton 3 Star Inverter Split Ac 5 In 1 Convertible, Copper, Anti-Viral + Pm 2.5 Filter, 2023 Model, White With Sil",CONSUM065
0,Facebook,46990,Air Conditioner,"Lloyd 1.0 Ton 2 Star Fixed Speed Split AC Copper, Anti-Viral + PM 2.5 Filter, 2023 Model, White, GLS12C2XWASD)",CONSUM066
1,Facebook,999,Car Accessories,JVCV® Carbon Fiber Pattern Key Cover Compatible for Kia Seltos Sonet Carens Push Button Start Car Key (Black),CONSUM067
0,Tiktok,599,Car Accessories,Amazon Brand - Solimo Anti Skid Grass Car Mat - Grass mat (Grey) | Polyvinyl Chloride | Passenger Car,CONSUM068
0,Tiktok,2990,Car Accessories,"Autofact Car Body Cover for Maruti Baleno (2015 to 2021) with Mirror and Antenna Pocket (Light Weight, Triple Stitched, He...",CONSUM069
0,Instagram,1999,Car Accessories,"Fabtec Car Body Cover Compatible with Hyundai Elite i20 with Mirror & Antenna Pockets (Heavy Duty, Full Sized, Triple Stit...",CONSUM070
1,Youtube,1399,Car Accessories,myTVS 100 psi Analog Air Champ Car Tyre Inflator with 1 Year Warranty Car Air Pump (TI-15),CONSUM071
0,Tiktok,1650,Car Accessories,GREENWORLD Black Color Fob Key Heavy Duty Keychain for To-yota Car Key Compatible With Innova/Glanza/Urban Cruser etc,CONSUM072
0,Instagram,999,Car Accessories,FlagSource Indian Miniature Car Dashboard Flag with Nano ABS Base (Chrome),CONSUM073
0,Facebook,599,Car Accessories,Care-car-key� For mahindra Replacement 3 Button Remote Front Half Body Car Key Shell/Case/Body for Centre Locking/Key Less...,CONSUM074
1,Facebook,799,Car Accessories,"Autofact Car Body Cover for Honda City Ivtech (2009 to 2013) with Mirror and Antenna Pocket (Light Weight, Triple Stitche...",CONSUM075
0,Instagram,1999,Car Accessories,"CONVRT ® Paper Car Disposable Foot Mat for Passenger Car, Bus, Van, Truck, Crew Cab, Trailer, SUV, Scooter (Brown, Univers...",CONSUM076
0,Youtube,2375,Car Accessories,Fabtec Red and Blue Car Body Cover for Maruti Wagon R (2019-2021),CONSUM077
0,Instagram,1299,Car Accessories,"Wavex Ultrafine Foam Sponge Applicator for Car Wax, Dashboard Dressing and Many More (Pack of 3 Yellow)",CONSUM078
1,Tiktok,240,Car Accessories,Autofact Waterproof Car Body Cover Compatible with Tata Nexon (2017 to 2022) with Mirror and Antenna Pockets (Camouflage D...,CONSUM079
0,Instagram,3999,Car Accessories,SHOPOFLUX Leather Key Cover Compatible with Tata Nexon | Harrier | Safari | Altroz | Tigor | EV | Punch | Tiago EV Electri...,CONSUM080
1,Facebook,999,Car Accessories,Q1 Beads MChocolate Wooden Beads Car Seat Wooden Cushion Cover Pad in Acupressure Sitting for All Universal The Cars/SUVs/...,CONSUM081
0,Instagram,1999,Car Accessories,Robustt Alcohol Tester Black (Pack of 1) Advance Digital LCD Display Portable Breathalyzer with 5 Mouthpieces (Model-2),CONSUM082
1,Tiktok,3300,Car Accessories,"VEZIMON HD Visor For Car, for Day and Night, Polarized Sun Visor, Anti-Glare, UV Blocking Sun Protection Vehicle Windshiel...",CONSUM083
1,Tiktok,1299,Car Accessories,"Autofact Car Body Cover for Maruti Swift (2005 to 2017) with Mirror and Antenna Pocket (Light Weight, Triple Stitched, Hea...",CONSUM084
1,Instagram,1999,Car Accessories,"JVCV® Car Styling Soft Handmade Leather Key Cover for Keys Compatible with Suzuki Grand Vitara, BALENO, XL6, Swift, ERTIG...",CONSUM085
0,Tiktok,1199,Car Accessories,"MAPPERZ Universal Plastic Mini Car Press-Top Trash Bin Dust Case Best For Traveling (Multicolor, Pack of 1)",CONSUM086
0,Youtube,999,Car Accessories,"Amazon Brand - Solimo Small Hatchback Car Cover, White (Alto, Zen, New Alto, Alto K10, M800, etc.)",CONSUM087
0,Youtube,1630,Car Accessories,Eknoor Car Dashboard Idol- Goldplated- Lord Swami Kartikeya Ji with Peacock a...(Wood),CONSUM088
1,Tiktok,900,Car Accessories,TIREWELL TW-7001 12V Digital Tyre Inflator Auto Cutoff Portable Air Compressor with LED Light and 3 Different Nozzle (TW-7...,CONSUM089
0,Instagram,1955,Car Accessories,UBJI Creation-Portable Electric Air Compressor for Car and Bike 260 PSI Tyre Inflatr Air Compressor Car Auto Pump for Moto...,CONSUM090
0,Instagram,999,Car Accessories,"Delzon 12mm Car Tow Cable 4 Miter Long, 7 Ton Capacity Towing Super Strong Emergency Heavy Duty Forged Hooks with Self Loc...",CONSUM091
0,Facebook,999,Car Accessories,Keycept™ Mahindra TPU Key Cover for Thar | Scorpio | TUV | Bolero | XUV 700 | Marazzo 3 Button Flip Key Cover (Black),CONSUM092
1,Facebook,1249,Car Accessories,"HOKIPO Leatherette Tissue Holder for Home, Car and Office, Brown (AR-4082-D3)",CONSUM093
0,Tiktok,899,Car Accessories,JVCV® Car Styling Soft Handmade Leather Key Cover Compatible with Skoda Slavia Kushaq Octavia Taigun Tiguan Virtus Kodiaq ...,CONSUM094
1,Tiktok,1199,Car Accessories,Crevizon 220 PSI Tyre Inflator with Pressure Gauge Air Compressor with Rubber Hose and Quick Connect (Pack of 1),CONSUM095
1,Instagram,799,Car Accessories,Fabtec Waterproof and Heat Resistant Metallic Silver With Black Piping Mirror Antenna Pocket Car Body Cover Compatible wit...,CONSUM096
0,Tiktok,2099,Car Accessories,J S R Waterproof CAR Cover for Maruti Suzuki Alto 800 ( Alto 800 CAR Cover / Alto 800 CAR Cover Waterproof / Maruti Suzuki...,CONSUM097
1,Facebook,2999,Car Accessories,ELECSA Black Carbon 9 X 48 Inch Fiber Vinyl Wrap for Cars 3D Car Wrap Vinyl Roll-Gloss Black Vinyl Wrap for Car,CONSUM098
0,Youtube,799,Car Accessories,"D DEALS Hyundai Flip Key Replacement Shell for i20, Verna, Xcent, iGen, Sportz, Magna",CONSUM099
0,Facebook,650,Car Accessories,"Rubber Standard Mat for Maruti Suzuki Car Alto, WagonR, Santro",CONSUM100
0,Facebook,999,Car Accessories,"Godrej aer twist | Long-lasting, Spill-proof Car Freshener | Fresh Lemon (45g)",CONSUM101
0,Youtube,399,Car Accessories,"Axclip Car Sun Visor Organizer, Car Accessories, Sunglass Pen Card Small Document Storage Pouch Holder, PU Leather, Multi-...",CONSUM102
0,Youtube,1999,Car Accessories,"Auto Hub Car Body Cover Compatible with Maruti Suzuki WagonR (Model : 2004-2018, Jungle Print, Water Resistant)",CONSUM103
1,Tiktok,1899,Car Accessories,"EYUVAA LABEL Tetron Polyster Car Trunk Organizer, Backseat Hanging Car Dikki Organizer with 8 Close Pockets, 4 Net Pocket...",CONSUM104
1,Youtube,899,Car Accessories,KIING Indian Flag for Car Dashboard in satyamev jayte design,CONSUM105
1,Tiktok,156,Car Accessories,NIKAVI Rear Back Window Sunshade Protection Glare Reduction Shade Protect Sun,CONSUM106
0,Facebook,499,Car Accessories,Zep+ Clip on Vanity Mirror for Car Sun Shade for Visors and All Cars Stainless Steel Clips,CONSUM107
1,Instagram,499,Car Accessories,MOTOZOOP ® Cute Cartoon Monkey Car Tissue Box Portable Cute Plush Car Tissue Holder Hanging Tissue Box Napkin Box Storage ...,CONSUM108
0,Instagram,899,Car Accessories,Silicone Key Remote Black Color Cover for Hyundai All Latest Models - H-Y-U-D-A-I I20 (Igen) | New Verna | Xcent (Only for...,CONSUM109
0,Tiktok,399,Car Accessories,BKN Soft Premium TPU Car 2 Button Remote Key Cover Case for Suzuki Baleno | Grand Vitara | XL6 | Swift | Brezza | Celerio...,CONSUM110
1,Youtube,999,Car Accessories,"Keycept™ TPU Key Cover Compatible with Kia Seltos, Sonet, Carens, Carnival 4 Button Smart Key (Hold Button Down). (White)",CONSUM111
0,Instagram,1249,Car Accessories,"Memory Foam Car Neck Pillow, Ergonomic Neck Support Pillow for Driver or Front Passenger Seat - Help Relieve Neck Pain & I...",CONSUM112
0,Instagram,1499,Car Accessories,Kozdiko Zipper Magnetic Car Sunshades Set of 7 Pcs Black Color with Dicky for Toyota Innova,CONSUM113
1,Youtube,1449,Car Accessories,Autofact Waterproof Car Body Cover Compatible with Kia Seltos (2020 to 2022) with Mirror Pockets (Camouflage Design),CONSUM114
0,Instagram,3999,Car Accessories,SARTE Faux Leather Car Pillows and Cushions for Neck Rest (Black Red) - Pack of 4,CONSUM115
0,Facebook,2199,Car Accessories,"Organic Nature (Pack of 2),Car Hanging Perfume Pendant Fragrance Air Freshener Glass Bottle for Essential Oils Diffuser",CONSUM116
1,Instagram,599,Car Accessories,AUTO MT Car Silicone Rubber Key Cover for Hyundai Creta / i20 Elite - (Black),CONSUM117
1,Instagram,222,Car Accessories,"U & U UNIQUE UTILITIES Acrylic Buddha Car Dashboard Idol Accessory 3.5 Inch Orange, 1 Piece",CONSUM118
0,Facebook,399,Car Accessories,KVA Plus KV-136 Tubeless Tyre Puncture Repair Kit Portable Flat Tire Puncher Fixing Box,CONSUM119
0,Youtube,599,Car Accessories,"CONVRT ® Disposable Paper Foot Mat, Compatible for Passenger Car, Bus, Van, Truck, Crew Cab, Tractor, SUV, Pickup Truck, U...",CONSUM120
0,Instagram,749,Car Accessories,"ARNV Mirror Pocket, Fabric Car Body Cover for Maruti Swift Dzire (Grey)",CONSUM121
1,Youtube,1299,Car Accessories,"JVCV® Car Styling Soft Handmade Leather Key Cover Compatible with TATA NEXON, Tiago EV, Harrier, ALTROZ, TIGOR BS6, Safari...",CONSUM122
1,Instagram,1199,Car Accessories,DRIZE Car Cover for Maruti Suzuki Old Swift Dzire with Triple Stitched Fully Elastic Ultra Surface Body Protection (Strips...,CONSUM123
0,Tiktok,2999,Car Accessories,"Patras FAST AIR INFLATION/COMPRESSOR FOR AUTOMOBILE, TYRES, SPORTING, GOODS (250 PSI)",CONSUM124
0,Youtube,499,Car Accessories,"YOURKARTS.COM Solar Powered Car Perfume Diffuser/Dispenser | Helicopter Design, Auto Rotation Fan | For Car Dashboard with...",CONSUM125
1,Tiktok,1499,Car Accessories,SHOPOFLUX Leather Key Cover Compatible with Toyota Innova Crysta | Hilux 2022 Key Cover 2 Button Smart Key Only - Black,CONSUM126
0,Facebook,999,Car Accessories,Fabtec Waterproof Car Body Cover Compatible with Toyota Glanza with Mirror and Antenna Pocket (Soft Cotton Lining Full Bot...,CONSUM127
1,Instagram,799,Home Decor,RAG28 Wooden Wall Decor Set of 11 (SPW1) Multicolour,CONSUM128
0,Facebook,1399,Home Decor,"ArtX Paper Motivational Wall Frames, Inspirational Quotes Wall Frames For Home Office Study Room Decor, Multicolor Posters",CONSUM129
1,Facebook,901,Home Decor,Mahogany Life Vintage Glass Hanging Photo Frame For Wall Decor (5x7 inch)  Transparent Glass and Brass Metal Hanging Pres,CONSUM130
0,Facebook,499,Home Decor,"Indianara Religious Painting -Synthetic Wood, 27x30.5x1cm, Multicolour (GB5)",CONSUM131
0,Facebook,499,Home Decor,Lexton 20 Piece Photo Clips String Light Battery Powered (Battery Not Included) for Home Decoration (Warm White),CONSUM132
0,Youtube,799,Home Decor,Rangoli Large Modern Art Wall Sticker Mullticolor Vinyl Sticker 40cm or 50 cm Pack of 1,CONSUM133
0,Youtube,800,Home Decor,"Kridaykraft Metal Kuber Deepam Oil lamp for or Bringing Good Luck, Prosperity and Wealth,",CONSUM134
0,Youtube,899,Home Decor,"Bubble Candle - Cube Soy Wax Candles, Home Decor Candle, Scented Candle Set 2 Pieces, Home Use and Gifting",CONSUM135
1,LinkedIn,699,Home Decor,Soul & Scents 120 ml Lavender Reed Diffuser Set  Free 6 Fiber Reed Sticks Toxin Free & Stress Relief  Fine-Living Natur,CONSUM136
0,Youtube,599,Home Decor,"Ajanta Orpat Time Piece Beep Alarm Clock (Small_140X114X74 Mm, White,Plastic)",CONSUM137
0,LinkedIn,1350,Home Decor,Homenique Artificial Leaf Money Plant Greenery Fake Hanging Vine Plants Leaf Garland Hanging for Wedding Home Decoration,CONSUM138
1,Youtube,899,Home Decor,"SAF Set of 3 Buddha UV Textured Home Decorative Gift Item Painting , 18 Inch X 12 Inch - SANFJM31046, Figures, Religious",CONSUM139
0,Youtube,70,Home Decor,"Mangaldeep Puja Agarbatti, Sandal, 60 Sticks (Pack of 2)",CONSUM140
1,Youtube,1345,Home Decor,Krisah® 1 pcs Lab Tested ISI Seal Original Sandalwood Scented Processed Mysore Chandan Sticks 30-40 Gram for Puja,CONSUM141
0,Youtube,4000,Home Decor,"HIVAGI® Aromatherapy Essential Oil Diffuser with Flame Light, 180mL Quiet Mist Humidifiers for Essential Oils Home Aroma A",CONSUM142
0,Youtube,770,Home Decor,"Amazon Brand - Solimo Collage Set of 11 Black Photo Frames ( 4 x 6 Inch - 2 & 5 X 5 Inch - 6, 5 X 7 inch - 2 & 8 X 10 inch",CONSUM143
0,Instagram,749,Home Decor,"Basement Bazaar Mahi Glass Hookah (24.8 cm, Black)",CONSUM144
1,Youtube,599,Home Decor,Reflekt Premium Hand Soap Sheets (Lavender) - Pack Of 80 Sheets In Storage Tin Box  Moisturising Formula Effective On Ge,CONSUM145
1,Instagram,429,Home Decor,"PRINTNET Pack of 28 BTS Polaroid photocards Collection for BTS Fans, Multicolour",CONSUM146
0,Facebook,899,Home Decor,SPHINX Artificial Marigold Fluffy Flowers Garlands Double line Door Toran Set/Door Hangings for Home Office Decoration (Ap,CONSUM147
0,Facebook,699,Home Decor,Aditya Shopping Electric Ceramic Kapoor Dani/Aroma Oil Burner Cum Night Lamp with Switch Design (Style 03),CONSUM148
0,Instagram,1400,Home Decor,World Fire Home Deco Purifying Brass Dhuna Loban Burner(Round),CONSUM149
1,Facebook,399,Home Decor,"natureCRAFTS Wooden Coasters for Drinks Set of 6 with Iron Holder, Wooden and Iron Tea Coaster to Prevent Furniture from B",CONSUM150
1,Youtube,499,Home Decor,Gopz Flexible Mirror Sheets Self-Adhesive Plastic Mirror Tiles Non-Glass Mirror Stickers for Home Decoration [Size:- 30cm*,CONSUM151
1,Facebook,499,Home Decor,"Itiha Gudi showpiece with Artificial Upturned Copper Vessel,Orange Saree, Leaf with Supari and Kalash on Wooden Base Gudi ",CONSUM152
0,Youtube,999,Home Decor,"Adiyogi Shiva Statue for Car Dash Board, Pooja & Gift, Mahadev Murti, Idol, Lord Adiyogi Shankara for home decor",CONSUM153
0,Youtube,500,Home Decor,DeLush Designs Delush2.4 inch Artificial Plumier Rubric Hawaiian Flower Petals Hair Hat Wreath Floral Hawaiian Foam Frangi,CONSUM154
1,Youtube,664,Home Decor,"Decals Design Romantic Rose Flowers Wall Sticker (PVC Vinyl, 50 cm x 70 cm, Multicolour)",CONSUM155
1,Youtube,299,Home Decor,Airkwick Freshmatic Room Freshner Refill 250 ml (Jasmine Blossom),CONSUM156
0,Youtube,258,Home Decor,"Pindia PVC DIY 3D Butterfly Home Wall Decor Magnet Sticker for Living and Study Room, Fridge, AC, Nursery Decoration(Pink)",CONSUM157
0,Facebook,940,Home Decor,"Ajanta Quartz Plastic Digital Alarm and Table clock, (8 x 7 x 3.5 cm, White, ODC 190)",CONSUM158
0,Youtube,2995,Home Decor,Webelkart Diya Shape Flower Decorative Urli Bowl for Home Handcrafted Bowl for Floating Flowers and Tea Light Candles Hom,CONSUM159
1,LinkedIn,999,Home Decor,TAZLYN Self Adhesive Mirror for Wall Sticker Mirror Stickers for Wall Mirror Stickers Mirror Stickers for Wall Bathroom Mi,CONSUM160
0,Youtube,999,Home Decor,"Wallstick Motivational Buddha Quotes Vinyl Wall Stickers (115 cm x 60 cm, Multicolour, 57-3161)",CONSUM161
0,Youtube,799,Home Decor,iCreations Acrylic Ganesha Customised Home Name Plate (Mirror Gold and Black),CONSUM162
0,LinkedIn,499,Home Decor,"AMB Fog Colours Eco-Friendly Fog Color Holi, Stage Performance, Party Decoration, Safe Hand Made in India, 5 Pieces in a Box",CONSUM163
1,Youtube,999,Home Decor,"OXSAM Digital Smart Back Light Table Mirror Alarm Clock for Office, Home, and Bedroom with Sensor Date and Temperature (Wh",CONSUM164
0,Youtube,450,Home Decor,Treasure House Mozo - Ultimate Brown Rolling Paper with Filter Tips (Pack of 5) by Treasure House.,CONSUM165
0,Youtube,850,Home Decor,"Parag Fragrances Herbal & Natural 5 in 1 Dhoop Sticks 250Gm Pack / Rose, Sandalwood, Mogra, Camphor & Kasturi / 50Gram Eac",CONSUM166
0,Facebook,399,Home Decor,"Seva Decorative sea shells, craft and decorative mix seashells 400gm pack",CONSUM167
0,Youtube,2999,Home Decor,Rajotia crafts Handmade Wooden Gangaur Ishar Figurines Size 16 inch,CONSUM168
1,LinkedIn,1499,Home Decor,"Wolpin Wall Stickers Wallpaper Decal (45cm x 10 m) DIY PVC Self-Adhesive Bubbles, Kids Room, Lamination Paper, Office, Hom",CONSUM169
1,Youtube,900,Home Decor,Healthbuddy Stoptar Smoking Filter 10 Packs Of 10 Pcs Each,CONSUM170
0,Youtube,319,Home Decor,"Heart Home Artificial Vine Plant with Plastic Pot (Green, 1 Piece)",CONSUM171
1,Youtube,899,Home Decor,Chaka Chaundh - Suitable Abdul kalam photo frames for wall - motivational quotes frames - poster with frame - Abdul kalam ,CONSUM172
0,Youtube,439,Home Decor,RDK Original Sandalwood Sticks Scented Processed Mysore Natural Chandan Wood Lakdi for Pooja Tilak Havan & Beauty (35-45 G,CONSUM173
1,LinkedIn,249,Home Decor,HEM Precious Chandan Black Incense Sticks (120 Sticks)  Agarbatti for Pooja Air Purifier & Meditation  Puja Room Items ,CONSUM174
0,Youtube,,Home Decor,Zintex Metal Wall Clock for Home Decor and Hall Home Big Size Living Room Hall Bedroom Stylish Clock (Gold) (46x46),CONSUM175
1,LinkedIn,1200,Home Decor,"SATYAM KRAFT Acrylic Dancing Flame Led Tea Light Candle For Home Decoration, Gifting, House, Light For Balcony, Room, Birt",CONSUM176
0,Youtube,599,Home Decor,"Pink Pari 2 m Aluminium Foil Stickers, Oil Proof , Kitchen Backsplash Wallpaper Self-Adhesive Wall Sticker Anti-Mold and H",CONSUM177
1,Facebook,300,Home Decor,Rey Naturals Lavender Essential Oil for HairSkin100% Pure Lavender Oil with Natural Lavandula Angustifolia Extract Calm,CONSUM178
0,Tiktok,599,Home Decor,"Ryme Artificial Wild Grass Plant With Pot For Home And Office Decoration (Set Of 4, 4)( Set Of 4), Green",CONSUM179
0,Tiktok,899,Home Decor,"SADHUSADHYA 21 Shape of Mirror Craft (TOTAL-2100 Pices,100 Piece of Each Shape)",CONSUM180
0,Instagram,1599,Home Decor,TIMESETL Wood Coper Wind Chime for Home Bedroom Balcony Garden Etc. for (Decorate Item),CONSUM181
1,Youtube,4000,Home Decor,"Blooming Floret Artificial Monstera Plant with Black Pot for Home, Office Decor | 18 Medium Size Leaves Plant with Pot",CONSUM182
0,Tiktok,365,Home Decor,"Asian Paints Wall-Ons Scootaway Wall Sticker (PVC Vinyl, 0.01 cm x 76.2 cm x 30.48 cm) (AS05M)",CONSUM183
0,Instagram,1999,Home Decor,SAF 7 Horses River Large Framed UV Coated Digital Reprint 14 Inch X 20 Inch Painting (SANFH11) SANFH11(multicolor1),CONSUM184
0,Facebook,1025,Home Decor,"Ajanta Quartz Plastic Abstract Rectangle Digital Alarm Wall Clock (Black and Brown, 29 cm x 19 cm x 2.5 cm, ODC 130)",CONSUM185
1,Facebook,499,Home Decor,"Generic PnF Durga Maa Religious Wood Photo Frames with Acrylic Sheet (Glass) for Worship/Pooja(photoframe,Multicolour,8x6i",CONSUM186
0,Instagram,999,Home Decor,Pauwer 12 Pack (43.2 FT) Artificial Wisteria Vine Ratta Fake Wisteria Hanging Garland Silk Long Hanging Bush Flowers Strin,CONSUM187
0,Youtube,2499,Home Decor,"HOLD UP Led Vanity Lights for Mirror, Hollywood Style LED Vanity Mirror Lights Kit 10 Dimmable Light Bulbs 3 Color Modes, ",CONSUM188
0,Instagram,4999,Home Decor,Urban Hamlet Iron Decorative Mirror Wall Mounted Hanging Mirror Sculpture Metal Golden Rose Design Modern Art Mirror for H,CONSUM189
1,Tiktok,140,Home Decor,Shubhkart Nirmal 5 in 1 Agarbatti Zipper Pack 150grams - 9 Inch Long Sticks (Pack of 2)– 22.86cm Long Sticks (Combo of 2),CONSUM190
0,Instagram,1399,Home Decor,"Painting Mantra Art Street Boulevard Photo Frame Set of 11 Picture Frames for Wall Hanging (8x10-3 pcs, 6x8-8 pcs)-Black a",CONSUM191
1,Facebook,999,Home Decor,"Golden bird 7.5 Inch Tall Glass Flower Vases, Bulk Plant Vases,1 Pack Modern Flower Vases for Home Décor, Modern Decorativ",CONSUM192
0,Instagram,799,Home Decor,Art Street A4 Document Photo Frame set of 2 Black Photo Frames for Home and Office decoration (Photo Size 8 x 12 Inches),CONSUM193
1,Tiktok,10596,Home Decor,Vintage Clock Iron Hand-Crafted Large Brass Colour Wall Clock (60 x 60 cm),CONSUM194
1,Tiktok,599,Home Decor,TIED RIBBONS Door Hanging Bandanwar Toran (101.6 cm X 10.1 cm) - Decoration Items for Home Décor Bandanwar Toran for Main ,CONSUM195
1,Instagram,999,Home Decor,PRIMESKY Alarm Clock Brass Vintage Twin Bell Table Top Alarm Clock with Night Led Light Display Alarm Clock for Bedroom He,CONSUM196
0,Tiktok,3999,Home Decor,Arsalan Arslan Decorative Mirror Wall Mounted Hanging Mirror Sculpture Metal Leaf Design Modern Art Mirror Home Decor (60 ,CONSUM197
0,Youtube,485,Home Decor,Oblivion Home Decoration Showpiece - Polyresin Miniature Buddha Monk Figurines Showpiece 6 cm - Pack of 4 (Multicolor),CONSUM198
0,Youtube,1699,Home Decor,"Perpetual Radha Krishna Wall Painting For Living Room - Set Of 5, 3d Scenery Wall Painting for Bedroom Large Size with Fra",CONSUM199
1,Tiktok,1899,Home Decor,Collectible India 3.4-inch Cold Cast Bronze Lord Shiv Idol as Gifts (Multicolour),CONSUM200
0,Instagram,999,Home Decor,SAF Panchmukhi Hanuman Framed Acrylic Glass Painting 14 inch x 11 inch SANFR33(Multicolor),CONSUM201
0,Instagram,999,Home Decor,TIED RIBBONS Ganesha Statue Playing Bansuri with with Wooden Flower Tealight Candle Holder Colorful Stones and Wooden Base,CONSUM202
0,Facebook,1250,Home Decor,Pure Source India Porcelain Relaxing Fragrance Aroma Set with 10 ml Aroma Oil and 4 Tea Light Candles (White),CONSUM203
1,Facebook,999,Home Decor,SAF Set of 3 Beautiful Flower Pot UV Textured Self adeshive wall painting for living room with mdf 18 Inch X 12 Inch SANFJ,CONSUM204
0,Tiktok,1200,Home Decor,Aviraj (72 Cups) Guggal Dhoop Cup Sambrani Original I Loban Dhoop Cups for Pooja Pack of 6 Tray,CONSUM205
1,Tiktok,499,Home Decor,FOKRIM Black Marble Self Adhesive Wall Stickers Oil-Proof Waterproof Peel & Stick Contact Wallpaper for Kitchen Living Roo,CONSUM206
1,Instagram,1199,Home Decor,"SAF Watercolor Modern Art Painting (Synthetic, 12 inch x 18 inch, Set of 3) SANFJMA9201-Multicolour",CONSUM207
0,Tiktok,999,Home Decor,Sohibe Multicolored Birds Handmade Hand Emboss Painted Bird Hanging for Garden Balcony Home Office Cafe Decoration Main Do,CONSUM208
1,Facebook,1100,Home Decor,"Amazon Brand - Solimo 12-inch Plastic & Glass Wall Clock - Melanie (Silent Movement, Black Frame)",CONSUM209
